{"rates_avg": {"low_power": [613.1139935233386, 575.957884274222, 572.1149031702141, 648.4572068448376, 571.1835466577668, 565.1154447974302, 383.18369244597534, 538.494469674233], "high_power": [33019.11839600447, 33408.77028817021, 32643.94658110044, 34799.08413081009, 31712.2023330608, 33480.15370966302, 23088.679972521553, 30767.74686729974]}, "rates_std": {"low_power": [4.619675725682197, 7.7163947029111615, 5.196048743917061, 7.049156532788115, 5.344708084664249, 3.484469990244305, 2.3439568053874504, 3.160922409384169], "high_power": [446.7851046840675, 415.032714393981, 224.09137170586519, 439.0788367146824, 159.7853097866249, 418.85571177898794, 218.0394954939258, 362.15941671175074]}, "fidelities_avg": {"low_power": [0.9971250465717784, 0.9965641842328022, 0.9965849635740419, 0.9973273768230057, 0.9976451382471392, 0.9972488330025989, 0.9951945321683734, 0.9960662098624906], "high_power": [0.9931907523115274, 0.9913064470941266, 0.9912699603323283, 0.9927622200151521, 0.9927434397325261, 0.992051285863527, 0.9922041965265592, 0.9916095539010362]}, "fidelities_std": {"low_power": [0.00016016461853418748, 0.0003028376518096871, 0.0002851023059803095, 0.0002979366986736072, 0.00028908507379676456, 0.00012570398597568682, 0.0009011771634232858, 0.00013255892052052402], "high_power": [0.0005184529369692996, 0.00035324498751640394, 0.0005992802659156554, 0.0002194252586707775, 0.00035918172447061444, 0.0003755784702969377, 0.0005108529866979138, 0.0004062752509968269]}, "coherent_infos_avg": {"low_power": [0.9520105621573768, 0.9295347767766788, 0.9280096330148672, 0.9536664148396055, 0.9471743448551017, 0.9387125987529222, 0.9209157784122152, 0.9215225261197182], "high_power": [0.8228411753782161, 0.7925210044393479, 0.7854701491712304, 0.8125465040691882, 0.8083905191403471, 0.8026369180407711, 0.8181118994905215, 0.7979396767321452]}, "coherent_infos_std": {"low_power": [0.007477398736259806, 0.009635566314867939, 0.005608645104933462, 0.005283328194885276, 0.006495711327086071, 0.011869735299776998, 0.008564595072947656, 0.006798840379519192], "high_power": [0.006663542876703481, 0.008509321231244772, 0.015119022872687383, 0.006210088536628005, 0.010961989939501109, 0.005917726057530133, 0.007804652058393507, 0.008449008316379824]}, "log_negativities_avg": {"low_power": [0.9811751289961356, 0.976828130805053, 0.97661547040488, 0.9814849593623224, 0.9801943779412824, 0.9791226383807494, 0.9775720444539904, 0.9777004225094901], "high_power": [0.9523639768061063, 0.9437256541347849, 0.9419753393240949, 0.9497607870769931, 0.9485638410224512, 0.9475177435338693, 0.952822562640266, 0.9471841942236103]}, "log_negativities_std": {"low_power": [0.0011829180603599714, 0.0017098976288380595, 0.0009692261474308218, 0.000996086146348422, 0.0011755734901522205, 0.0020574064293565806, 0.0017357883274690745, 0.0012056065684277369], "high_power": [0.0016193066600713685, 0.0026570242530836166, 0.0044660610398638174, 0.0019191670674499406, 0.002929943674728697, 0.0014901330050698782, 0.002006727122619623, 0.0022832022994006]}}